<OUTPUT SRCFILE="9013.raw">
* * Fz 1 -
CÂMARA câmara NP00O00 1 02942699-n:0.00243229/04404997-n:0.00227072/03789171-n:0.00206167
DE de SP 1 -
OS o DA0MP0 0.958022 - o PD0MP00 0.021587 - o PP3MPA0 0.0203911 -
QUATROCENTOS 400 Z 1 -
* * Fz 1 -
Foi ir VMIS3S0 0.5 01835496-v:0.000786252/02051694-v:0.000399218/01904930-v:0.000396412/01955984-v:0.000386194/01995549-v:0.000378411/02009433-v:0.000372758/02072849-v:0.000362443/01957529-v:0.000336675/01935233-v:0.000336085/02102398-v:0.000320953/00341560-v:0.000312705/02685951-v:0.000298063/01882814-v:0.000295807/02058994-v:0.000295702/02102002-v:0.00029203/01846916-v:0.000291604/01849221-v:0.000290958/01841079-v:0.000277366/02686471-v:0.000267473/01839538-v:0.000261517/00343898-v:0.000256997
instituída instituir VMP00SF 0.992518 01640207-v:0.00617194
como como CS 0.751351 -
órgão órgão NCMS000 1 03854065-n:0.000971519/05297523-n:0.000955043/03273551-n:0.000878342/03494537-n:0.000827041/13087625-n:0.000821427/06595056-n:0.000818454/08349350-n:0.000796081
consultivo consultivo AQ0MS00 1 01304802-a:0.00587285
de de SP 1 -
o o DA0MS0 0.950254 - o PD0MS00 0.0313531 - o PP3MSA0 0.0183743 - o NCMS000 1.85412e-05 -
chefe chefe NCMS000 1 09623038-n:0.00616871
nacional nacional AQ0CS00 0.966867 01105840-a:0.00106914/01567862-a:0.000924555/02988060-a:0.000906249/02988402-a:0.00085313/02988281-a:0.00082467/01861776-a:0.000798325/01038332-a:0.000790731
de de SP 1 -
a o DA0FS0 0.675415 - a SP 0.313151 - o PP3FSA0 0.00613742 - o PD0FS00 0.00514062 - a NCMS000 0.000156639 -
Ação_lntegralista_Brasileira ação_lntegralista_brasileira NP00O00 1 -
( ( Fpa 1 -
AIB aib NP00O00 1 -
) ) Fpt 1 -
um um DI0MS0 0.877848 -
ano ano NCMS000 1 15203791-n:0.000761724/15202634-n:0.000754953/15203565-n:0.000739693/15153787-n:0.000661094/15204297-n:0.000651867/15201505-n:0.000651456/08238660-n:0.000649018/15202806-n:0.000640013/15203229-n:0.000633571/15273626-n:0.000615
após após SP 1 -
a o DA0FS0 0.675415 -
formação formação NCFS000 1 00883297-n:0.00168995/08426461-n:0.00152782/00925207-n:0.0014866/03385117-n:0.00144649
de de SP 1 -
a o DA0FS0 0.675415 - a SP 0.313151 - o PP3FSA0 0.00613742 - o PD0FS00 0.00514062 - a NCMS000 0.000156639 -
Câmara_dos câmara_dos NP00O00 1 -
Quarenta quarentar VMIP3S0 0.541988 -
, , Fc 1 -
com com SP 1 -
a o DA0FS0 0.675415 -
finalidade finalidade NCFS000 1 05982152-n:0.00628002
precípua precípuo AQ0FS00 1 -
de de SP 1 -
incorporar incorporar VMN0000 0.529581 00466651-v:0.00307705/01541000-v:0.00298332
personalidades personalidade NCFP000 1 04617562-n:0.00115098/04618070-n:0.0010668/04763293-n:0.00103276/10748620-n:0.000957195/04620216-n:0.000945205/10417424-n:0.00093058
de de SP 1 -
as o DA0FP0 0.974798 - o PD0FP00 0.0142702 - o PP3FPA0 0.0109322 -
“ “ Fra 1 -
diversas diverso AQ0FP00 1 02507772-a:0.00211199/02067491-a:0.00203846/02067719-a:0.00196307
províncias província NCFP000 1 08552138-n:0.00788562
integralistas integralista AQ0CP00 0.411262 -
” ” Frc 1 -
, , Fc 1 -
uma_vez_que uma_vez_que CS 1 -
a o DA0FS0 0.675415 -
participação participação NCFS000 1 01239064-n:0.00210248/13793504-n:0.00202197/13924659-n:0.00198982
em em SP 1 -
a o DA0FS0 1 -
câmara câmara NCFS000 1 02942699-n:0.00243229/04404997-n:0.00227072/03789171-n:0.00206167
mais mais RG 0.999721 00029367-r:0.00423547/00099712-r:0.00362363
restrita restrito AQ0FS00 1 01316222-a:0.00305969/02002227-a:0.00305579
exigia exigir VMII3S0 0.514434 00754942-v:0.00228779/01017826-v:0.00222381/00752764-v:0.00219453
“ “ Fra 1 -
residência residência NCFS000 1 03259505-n:0.00316211/08558963-n:0.0031463
fixa fixo AQ0FS00 0.278829 00740217-a:0.00158781/01564603-a:0.00153566/02095542-a:0.00141937/00347707-a:0.00141476
em em SP 1 -
a o DA0FS0 1 -
capital capital NCFS000 0.498759 08524735-n:0.00419676/08518505-n:0.00304935
de de SP 1 -
o o DA0MS0 0.950254 - o PD0MS00 0.0313531 - o PP3MSA0 0.0183743 - o NCMS000 1.85412e-05 -
país país NCMS000 1 08552138-n:0.00788562/08544813-n:0.00224403/08654360-n:0.00183432/08168978-n:0.00177555
” ” Frc 1 -
. . Fp 1 -

Enquanto enquanto RG 0.97619 00022131-r:0.00666059
a o DA0FS0 0.675415 -
Câmara_dos_Quarenta câmara_dos_quarenta NP00O00 1 -
deveria dever VMIC3S0 0.65 02254155-v:0.00369684/02253956-v:0.00362169
transformar transformar VMN03S0 1 -
se se PP3CN00 1 -
em em SP 1 -
o o DA0MS0 1 -
futuro futuro NCMS000 0.916084 15121625-n:0.00298452/15263795-n:0.00177961/03408721-n:0.00172889/06330401-n:0.00171479
senado senado NCMS000 1 08161477-n:0.00718413
integralista integralista AQ0CS00 0.540087 -
, , Fc 1 -
a o DA0FS0 0.675415 -
Câmara_dos câmara_dos NP00O00 1 -
Quatrocentos 400 Z 1 -
, , Fc 1 -
em em SP 1 -
a o DA0FS0 1 -
hipótese hipótese NCFS000 1 05892096-n:0.00144321/05773923-n:0.00125135/06782680-n:0.00122453/05888929-n:0.00118411/05779712-n:0.00113798/05893356-n:0.00111051/07162545-n:0.00107957
de de SP 1 -
a o DA0FS0 0.675415 - a SP 0.313151 - o PP3FSA0 0.00613742 - o PD0FS00 0.00514062 - a NCMS000 0.000156639 -
tomada tomada NCFS000 0.373494 00908133-n:0.00351149/03274137-n:0.0034539
de de SP 1 -
o o DA0MS0 0.950254 - o PD0MS00 0.0313531 - o PP3MSA0 0.0183743 - o NCMS000 1.85412e-05 -
poder poder NCMS000 0.517857 05194578-n:0.00963563
, , Fc 1 -
seria ser VMIC1S0 0.332891 02604760-v:0.00895209
convertida converter VMP00SF 0.721918 00385385-v:0.00265445/00115157-v:0.00263949/00161225-v:0.00256681
, , Fc 1 -
em em SP 1 -
a o DA0FS0 1 -
fase fase NCFS000 1 13939892-n:0.00175072/15290337-n:0.0016632/15290132-n:0.00144026/15206744-n:0.00139844/14480065-n:0.00139089
transitória transitório AQ0FS00 1 01756292-a:0.00813653
de de SP 1 -
o o DA0MS0 0.950254 - o PD0MS00 0.0313531 - o PP3MSA0 0.0183743 - o NCMS000 1.85412e-05 -
Estado estado NP00O00 1 00024720-n:0.00297366/13920835-n:0.00165577/13945919-n:0.00158905/13920429-n:0.00156068/14418395-n:0.0015099
integral integral AQ0CS00 0.44469 -
, , Fc 1 -
em em SP 1 -
câmara câmara NCFS000 1 02942699-n:0.00298051/04404997-n:0.00275344/03789171-n:0.00252223
corporativa corporativo AQ0FS00 1 02984781-a:0.00187205/01670669-a:0.00173786/00630466-a:0.00168396/02112701-a:0.00165624
, , Fc 1 -
antes antes RG 0.996627 00060632-r:0.00785215
de de SP 1 -
a o DA0FS0 0.675415 - a SP 0.313151 - o PP3FSA0 0.00613742 - o PD0FS00 0.00514062 - a NCMS000 0.000156639 -
implantação implantação NCFS000 1 03563710-n:0.00743316
integral integral AQ0CS00 0.44469 -
de de SP 1 -
o o DA0MS0 0.950254 - o PD0MS00 0.0313531 - o PP3MSA0 0.0183743 - o NCMS000 1.85412e-05 -
sistema sistema NCMS000 1 14981183-n:0.00122925/04377057-n:0.000976765/08435388-n:0.000968347/05726596-n:0.000955841/05661996-n:0.000955152/05902872-n:0.000951943/05237227-n:0.000886218/05219097-n:0.000859644
de de SP 1 -
corporações corporação NCFP000 1 08059412-n:0.0082308
. . Fp 1 -

A o DA0FS0 0.675415 -
relação relação NCFS000 1 00031921-n:0.000353528/13791389-n:0.00024745/13812607-n:0.000211919/13780449-n:0.00019644/13794417-n:0.000194072/13795489-n:0.000191235/13928668-n:0.000190125/13928388-n:0.000185479/13795695-n:0.000184384/13780719-n:0.000179033/13811410-n:0.000171782/00032823-n:0.000168956
de de SP 1 -
os o DA0MP0 0.958022 - o PD0MP00 0.021587 - o PP3MPA0 0.0203911 -
membros membro NCMP000 1 10307234-n:0.000556428/05559908-n:0.000521966/05560244-n:0.000499867/13810615-n:0.000470642
de de SP 1 -
a o DA0FS0 0.675415 - a SP 0.313151 - o PP3FSA0 0.00613742 - o PD0FS00 0.00514062 - a NCMS000 0.000156639 -
Câmara_dos câmara_dos NP00O00 1 -
Quatrocentos 400 Z 1 -
, , Fc 1 -
designados designar VMP00PM 0.992514 02400760-v:0.000687305/00677683-v:0.000655335/02401523-v:0.000654936
por por SP 1 -
Plínio_Salgado plínio_salgado NP00SP0 1 -
em em SP 1 -
5_de_julho_de_1937 [??:5/7/1937:??.??:??] W 1 -
, , Fc 1 -
é ser VMIP3S0 1 02604760-v:0.00229302
a o DA0FS0 0.675415 -
seguinte seguinte AQ0CS00 0.932099 00127948-a:0.000972144/00127815-a:0.00096929
: : Fd 1 -
Abdon_Pacheco_do_Nascimento abdon_pacheco_do_nascimento NP00SP0 1 -
, , Fc 1 -
Abdul_Saiol_de_Sá_Peixoto abdul_saiol_de_sá_peixoto NP00G00 1 -
, , Fc 1 -
Abel_Falcão_Lima abel_falcão_lima NP00SP0 1 -
, , Fc 1 -
Abelardo_Fajardo abelardo_fajardo NP00SP0 1 -
, , Fc 1 -
Adamastor_Boldomero_Fontoura adamastor_boldomero_fontoura NP00SP0 1 -
, , Fc 1 -
Adelina_Silva_Prado adelina_silva_prado NP00SP0 1 -
, , Fc 1 -
Adolfo_Lopes adolfo_lopes NP00SP0 1 -
, , Fc 1 -
Adélio_Ramires_de_Assis adélio_ramires_de_assis NP00SP0 1 -
, , Fc 1 -
Adolfo_Pereira_Marques adolfo_pereira_marques NP00SP0 1 -
, , Fc 1 -
Afonso afonso NP00SP0 1 -
del del NCMS000 1 -
Caro caro NP00SP0 1 -
, , Fc 1 -
Afrânio_Salgado_Lajes afrânio_salgado_lajes NP00SP0 1 -
, , Fc 1 -
Afrânio_Teixeira_Pinto afrânio_teixeira_pinto NP00SP0 1 -
, , Fc 1 -
Agostinho_Serrano agostinho_serrano NP00SP0 1 -
, , Fc 1 -
Alberto_Lamego alberto_lamego NP00SP0 1 -
, , Fc 1 -
Alberto_Silvares alberto_silvares NP00SP0 1 -
, , Fc 1 -
Alcides_Meira alcides_meira NP00SP0 1 -
, , Fc 1 -
Alencar_Viana alencar_viana NP00SP0 1 -
, , Fc 1 -
Alexandre_Belfort_de_Matos alexandre_belfort_de_matos NP00SP0 1 -
, , Fc 1 -
Alfredo_Montenegro_de_Mesquita alfredo_montenegro_de_mesquita NP00SP0 1 -
, , Fc 1 -
Alfredo_Peres alfredo_peres NP00SP0 1 -
, , Fc 1 -
Aluísio_Meireles aluísio_meireles NP00SP0 1 -
, , Fc 1 -
Altevir_Soares altevir_soares NP00SP0 1 -
, , Fc 1 -
Álvaro_Parente álvaro_parente NP00SP0 1 -
, , Fc 1 -
Álvaro_Sardinha álvaro_sardinha NP00SP0 1 -
, , Fc 1 -
Amaurílio_Resende amaurílio_resende NP00SP0 1 -
, , Fc 1 -
Amazonas_Duarte amazonas_duarte NP00SP0 1 -
, , Fc 1 -
Américo_de_Araújo américo_de_araújo NP00SP0 1 -
, , Fc 1 -
Américo_Gasparini américo_gasparini NP00SP0 1 -
, , Fc 1 -
Américo_Matrangula américo_matrangula NP00SP0 1 -
, , Fc 1 -
Américo_Padilha américo_padilha NP00SP0 1 -
, , Fc 1 -
Américo_da américo_da NP00SP0 1 -
Silva_Oliveira silva_oliveira NP00SP0 1 -
, , Fc 1 -
Angélico_Loureiro angélico_loureiro NP00SP0 1 -
, , Fc 1 -
Antônio_de_Almeida antônio_de_almeida NP00SP0 1 -
, , Fc 1 -
Antônio_Amélio antônio_amélio NP00SP0 1 -
, , Fc 1 -
Antônio_de_Andrade_Lima antônio_de_andrade_lima NP00SP0 1 -
, , Fc 1 -
Antônio_Cássia antônio_cássia NP00SP0 1 -
, , Fc 1 -
Antônio_Dib_Mussi antônio_dib_mussi NP00SP0 1 -
, , Fc 1 -
Antônio_Ferreira_de_Melo_Couto antônio_ferreira_de_melo_couto NP00SP0 1 -
, , Fc 1 -
Antônio_Fróis_Cruz antônio_fróis_cruz NP00SP0 1 -
, , Fc 1 -
Antônio_Garchet_Santos_Reis antônio_garchet_santos_reis NP00SP0 1 -
, , Fc 1 -
Antônio_Garcia antônio_garcia NP00SP0 1 -
, , Fc 1 -
Antônio_Jaguaribe antônio_jaguaribe NP00SP0 1 -
, , Fc 1 -
Antônio_Lima_de_Faria antônio_lima_de_faria NP00SP0 1 -
, , Fc 1 -
Antônio_Pagani antônio_pagani NP00SP0 1 -
, , Fc 1 -
Antônio_Pereira_Vieira antônio_pereira_vieira NP00SP0 1 -
, , Fc 1 -
Antônio_Pompeu_de_Camargo antônio_pompeu_de_camargo NP00SP0 1 -
, , Fc 1 -
Antônio_Procópio_Teixeira antônio_procópio_teixeira NP00SP0 1 -
, , Fc 1 -
Antônio_Ribeiro_Fonseca antônio_ribeiro_fonseca NP00SP0 1 -
, , Fc 1 -
Antônio_de_Lima antônio_de_lima NP00SP0 1 -
e e CC 0.999951 -
Silva silva NP00SP0 1 -
, , Fc 1 -
Antônio_Soares_de_Pinho antônio_soares_de_pinho NP00SP0 1 -
, , Fc 1 -
Antônio_Vernhoest antônio_vernhoest NP00SP0 1 -
, , Fc 1 -
Antônio_Viçosa_Costa antônio_viçosa_costa NP00SP0 1 -
, , Fc 1 -
Arquilau_Vivacqua arquilau_vivacqua NP00SP0 1 -
, , Fc 1 -
Aristides_Milano aristides_milano NP00SP0 1 -
, , Fc 1 -
Aristóbulo_Soriano_de_Melo aristóbulo_soriano_de_melo NP00SP0 1 -
, , Fc 1 -
Armando_Bhering armando_bhering NP00SP0 1 -
, , Fc 1 -
Armando_Paraíso_Pereira armando_paraíso_pereira NP00SP0 1 -
, , Fc 1 -
Arnaldo_Magalhães arnaldo_magalhães NP00SP0 1 -
, , Fc 1 -
Arnóbio_de_Sousa_Graça arnóbio_de_sousa_graça NP00SP0 1 -
, , Fc 1 -
Arquimedes_de_Matos arquimedes_de_matos NP00O00 1 -
, , Fc 1 -
Arsênio_Alves_de_Sousa arsênio_alves_de_sousa NP00SP0 1 -
, , Fc 1 -
Artur_Antunes_de_Morais artur_antunes_de_morais NP00SP0 1 -
, , Fc 1 -
Augusto_Medeiros augusto_medeiros NP00SP0 1 -
, , Fc 1 -
Aurélio_Bulhões_Pedreira aurélio_bulhões_pedreira NP00SP0 1 -
, , Fc 1 -
Aurélio_Rocha aurélio_rocha NP00SP0 1 -
, , Fc 1 -
Balbino_Moreno balbino_moreno NP00SP0 1 -
, , Fc 1 -
Belísio_Cordula belísio_cordula NP00SP0 1 -
, , Fc 1 -
Benedito_Antônio_Silvestre benedito_antônio_silvestre NP00SP0 1 -
, , Fc 1 -
Bento_de_Almeida_Prado bento_de_almeida_prado NP00SP0 1 -
, , Fc 1 -
Benevenuto_José_da_Silva benevenuto_josé_da_silva NP00SP0 1 -
, , Fc 1 -
Bernardino_Sousa_Ferreira bernardino_sousa_ferreira NP00SP0 1 -
, , Fc 1 -
Bonifácio_de_Sousa bonifácio_de_sousa NP00SP0 1 -
e e CC 0.999951 -
Brasílio_Otávio_de_Sá brasílio_otávio_de_sá NP00SP0 1 -
. . Fp 1 -

Seguem seguir VMIP3P0 1 -
se se PP3CN00 1 -
Carlos_Machado_Júnior carlos_machado_júnior NP00SP0 1 -
, , Fc 1 -
Caetano_Spinelli caetano_spinelli NP00SP0 1 -
, , Fc 1 -
Caio_Marques_de_Sousa caio_marques_de_sousa NP00SP0 1 -
, , Fc 1 -
Cantídio_Pais_Leme cantídio_pais_leme NP00SP0 1 -
, , Fc 1 -
Carloman_Carneiro carloman_carneiro NP00SP0 1 -
, , Fc 1 -
Carlos_Astrogildo_Correia carlos_astrogildo_correia NP00SP0 1 -
, , Fc 1 -
Carlos_Cavalcanti_Fernandes carlos_cavalcanti_fernandes NP00SP0 1 -
, , Fc 1 -
Carlos_Crisci carlos_crisci NP00SP0 1 -
, , Fc 1 -
Carlos_Henrique_Liberalli carlos_henrique_liberalli NP00SP0 1 -
, , Fc 1 -
Carlos_Machado carlos_machado NP00SP0 1 -
, , Fc 1 -
Carlos_de_Morais_Pereira carlos_de_morais_pereira NP00SP0 1 -
, , Fc 1 -
Carlos_Ramos_de_Azambuja carlos_ramos_de_azambuja NP00SP0 1 -
, , Fc 1 -
Carlos_Seild carlos_seild NP00SP0 1 -
, , Fc 1 -
Caubi_da caubi_da NP00SP0 1 -
Silva_Rego silva_rego NP00SP0 1 -
, , Fc 1 -
Ceci_Filho ceci_filho NP00SP0 1 -
, , Fc 1 -
Celestino_Cardoso celestino_cardoso NP00SP0 1 -
, , Fc 1 -
Cherubim_Chagas cherubim_chagas NP00SP0 1 -
, , Fc 1 -
Ciro_Resende ciro_resende NP00SP0 1 -
, , Fc 1 -
Clito_Lemos clito_lemos NP00SP0 1 -
, , Fc 1 -
Clóvis_Martins_de_Camargo clóvis_martins_de_camargo NP00SP0 1 -
, , Fc 1 -
Colombo_de_Sousa colombo_de_sousa NP00SP0 1 -
, , Fc 1 -
Conrado_Van_Erven conrado_van_erven NP00SP0 1 -
, , Fc 1 -
Cosme_Batista cosme_batista NP00SP0 1 -
, , Fc 1 -
Cristóvão_Devoto cristóvão_devoto NP00SP0 1 -
, , Fc 1 -
Custódio_Guerra_de_Carvalho custódio_guerra_de_carvalho NP00SP0 1 -
, , Fc 1 -
Dalton_Penedo dalton_penedo NP00SP0 1 -
, , Fc 1 -
Darci_Pereira darci_pereira NP00SP0 1 -
, , Fc 1 -
Dario_Bittencourt dario_bittencourt NP00SP0 1 -
, , Fc 1 -
Décio_Pagani décio_pagani NP00SP0 1 -
, , Fc 1 -
Deusdedite_Cortes_Vieira_da_Silva deusdedite_cortes_vieira_da_silva NP00SP0 1 -
, , Fc 1 -
Dilermando_Rocha dilermando_rocha NP00SP0 1 -
, , Fc 1 -
Dulce_Thompson dulce_thompson NP00SP0 1 -
, , Fc 1 -
Dantas_Mota dantas_mota NP00SP0 1 -
, , Fc 1 -
Edmundo_Amaral edmundo_amaral NP00SP0 1 -
, , Fc 1 -
Edmundo_Cavalcanti edmundo_cavalcanti NP00SP0 1 -
, , Fc 1 -
Eduardo_Gilson eduardo_gilson NP00SP0 1 -
, , Fc 1 -
Eduardo_Graziano eduardo_graziano NP00SP0 1 -
, , Fc 1 -
Efigênio_Salgado efigênio_salgado NP00SP0 1 -
, , Fc 1 -
Elias_Ferreira_de_Melo elias_ferreira_de_melo NP00SP0 1 -
, , Fc 1 -
Emanuel_Bittencourt emanuel_bittencourt NP00SP0 1 -
, , Fc 1 -
Emanuel_Bianchi emanuel_bianchi NP00SP0 1 -
, , Fc 1 -
Emílio_Niemeyer emílio_niemeyer NP00SP0 1 -
, , Fc 1 -
Epifânio_Augusto_de_Oliveira epifânio_augusto_de_oliveira NP00SP0 1 -
, , Fc 1 -
Ernâni_Giudice ernâni_giudice NP00SP0 1 -
, , Fc 1 -
Ernâni_da ernâni_da NP00SP0 1 -
Silva_Bruno silva_bruno NP00SP0 1 -
, , Fc 1 -
Etienne_Dessaunne etienne_dessaunne NP00SP0 1 -
, , Fc 1 -
Eugênio_La_Maison eugênio_la_maison NP00SP0 1 -
, , Fc 1 -
Eurico_Hildebrando_Aurélio_Ruschi eurico_hildebrando_aurélio_ruschi NP00SP0 1 -
, , Fc 1 -
Eurico_Pontes_Lira eurico_pontes_lira NP00SP0 1 -
, , Fc 1 -
Esequiel_Borges esequiel_borges NP00SP0 1 -
, , Fc 1 -
Fernando_Cochrane fernando_cochrane NP00SP0 1 -
, , Fc 1 -
Fernando_Posa_Oiticica fernando_posa_oiticica NP00SP0 1 -
, , Fc 1 -
Fernando_Vieira_de_Melo fernando_vieira_de_melo NP00SP0 1 -
, , Fc 1 -
Filemon_Barbosa_Cordeiro filemon_barbosa_cordeiro NP00SP0 1 -
, , Fc 1 -
Filemon_da_Mata filemon_da_mata NP00SP0 1 -
, , Fc 1 -
Floriano_Correia floriano_correia NP00SP0 1 -
, , Fc 1 -
Floriano_Nunes_Pereira floriano_nunes_pereira NP00SP0 1 -
, , Fc 1 -
Floriano_Thompson_Steve floriano_thompson_steve NP00SP0 1 -
, , Fc 1 -
Francisco_Aranha francisco_aranha NP00SP0 1 -
, , Fc 1 -
Francisco_Edgar_de_Macedo francisco_edgar_de_macedo NP00SP0 1 -
, , Fc 1 -
Francisco_Leite_Vilela francisco_leite_vilela NP00SP0 1 -
, , Fc 1 -
Francisco_de_Paula_Watson francisco_de_paula_watson NP00SP0 1 -
, , Fc 1 -
Francisco_Sabóia_Barbosa francisco_sabóia_barbosa NP00SP0 1 -
, , Fc 1 -
Francisco_Stella francisco_stella NP00SP0 1 -
, , Fc 1 -
Francisco_Veras_Bezerra francisco_veras_bezerra NP00SP0 1 -
, , Fc 1 -
Franklin_Chaves franklin_chaves NP00SP0 1 -
, , Fc 1 -
Frederico_Carlos_Ferreira frederico_carlos_ferreira NP00SP0 1 -
, , Fc 1 -
Frederico_Carlos_de_Abreu frederico_carlos_de_abreu NP00SP0 1 -
e e CC 0.999951 -
Sousa sousa NP00SP0 1 -
, , Fc 1 -
Frederico_Ferreira_Lajes frederico_ferreira_lajes NP00SP0 1 -
, , Fc 1 -
Frederico_Sócrates frederico_sócrates NP00SP0 1 -
, , Fc 1 -
Fúlvio_Mandeta fúlvio_mandeta NP00SP0 1 -
, , Fc 1 -
Gaston_Luís_do_Rego gaston_luís_do_rego NP00SP0 1 -
, , Fc 1 -
Gastão_Cavalcanti_de_Albuquerque gastão_cavalcanti_de_albuquerque NP00SP0 1 -
, , Fc 1 -
Gastão_Roubach gastão_roubach NP00SP0 1 -
, , Fc 1 -
Genelício_Alves_Porto genelício_alves_porto NP00SP0 1 -
, , Fc 1 -
Genésio_Rosa genésio_rosa NP00SP0 1 -
, , Fc 1 -
Georges_Leonardos georges_leonardos NP00SP0 1 -
, , Fc 1 -
Gil_Guatimozim gil_guatimozim NP00SP0 1 -
, , Fc 1 -
Gil_Vieira_do_Nascimento gil_vieira_do_nascimento NP00SP0 1 -
, , Fc 1 -
Gilberto_de_Assis_Pacheco gilberto_de_assis_pacheco NP00SP0 1 -
, , Fc 1 -
Glauco_Ribeiro glauco_ribeiro NP00SP0 1 -
, , Fc 1 -
Guilherme_Rennaux guilherme_rennaux NP00SP0 1 -
, , Fc 1 -
Hamilton_Leite hamilton_leite NP00SP0 1 -
, , Fc 1 -
Haroldo_Bezerra_Cavalcanti haroldo_bezerra_cavalcanti NP00SP0 1 -
, , Fc 1 -
Helvido_Martins helvido_martins NP00SP0 1 -
, , Fc 1 -
Henrique_Bissini henrique_bissini NP00SP0 1 -
, , Fc 1 -
Henrique_Pinheiro_de_Vasconcelos henrique_pinheiro_de_vasconcelos NP00SP0 1 -
, , Fc 1 -
Heráclito_Carneiro_Ribeiro heráclito_carneiro_ribeiro NP00O00 1 -
, , Fc 1 -
Herbert_Parentes_Fortes herbert_parentes_fortes NP00SP0 1 -
, , Fc 1 -
Hormando_Feitosa hormando_feitosa NP00SP0 1 -
, , Fc 1 -
Hugo_Berta hugo_berta NP00SP0 1 -
, , Fc 1 -
Humberto_Haniquini_de_Carvalho humberto_haniquini_de_carvalho NP00SP0 1 -
, , Fc 1 -
Inácio_Prado inácio_prado NP00SP0 1 -
, , Fc 1 -
Israel_Galdino_de_Sousa israel_galdino_de_sousa NP00SP0 1 -
, , Fc 1 -
lvete lvete VMIP3S0 0.210441 -
Ribeiro ribeiro NP00SP0 1 09229409-n:0.000570513/09206896-n:0.000369792/09229641-n:0.000359316
, , Fc 1 -
lvan lvan NCMS000 1 -
Bichara bichar VMIM1S0 0.5 -
, , Fc 1 -
J._C._Moreira_Guimarães j._c._moreira_guimarães NP00SP0 1 -
, , Fc 1 -
J._Francia_Júnior j._francia_júnior NP00SP0 1 -
, , Fc 1 -
Jacinto_Figueiredo jacinto_figueiredo NP00SP0 1 -
, , Fc 1 -
Jacob_Vitali jacob_vitali NP00SP0 1 -
, , Fc 1 -
Jair_Tavares jair_tavares NP00SP0 1 -
, , Fc 1 -
Jefferson_Carlos_de_Sousa jefferson_carlos_de_sousa NP00SP0 1 -
, , Fc 1 -
João_Alberto_da_Cunha joão_alberto_da_cunha NP00SP0 1 -
, , Fc 1 -
João_Alfredo_Correia_de_Oliveira_Neto joão_alfredo_correia_de_oliveira_neto NP00SP0 1 -
, , Fc 1 -
João_Alves_da_Costa_Ourto joão_alves_da_costa_ourto NP00SP0 1 -
, , Fc 1 -
João_Barbosa_de_Sabóia joão_barbosa_de_sabóia NP00SP0 1 -
, , Fc 1 -
João_Batista_Bernardes_Lima joão_batista_bernardes_lima NP00SP0 1 -
, , Fc 1 -
João_Batista_Cerrão joão_batista_cerrão NP00SP0 1 -
, , Fc 1 -
João_Cabral joão_cabral NP00SP0 1 -
, , Fc 1 -
João_Cândido joão_cândido NP00SP0 1 -
, , Fc 1 -
João_Carvalho_Santos joão_carvalho_santos NP00SP0 1 -
, , Fc 1 -
João_Ernesto_Lisboa joão_ernesto_lisboa NP00SP0 1 -
, , Fc 1 -
João_J._Magalhães joão_j._magalhães NP00SP0 1 -
, , Fc 1 -
João_Leães_Sobrinho joão_leães_sobrinho NP00SP0 1 -
, , Fc 1 -
João_Pinheiro_de_Andrade_Lira joão_pinheiro_de_andrade_lira NP00SP0 1 -
, , Fc 1 -
João_Queirós joão_queirós NP00SP0 1 -
, , Fc 1 -
Joaquim_Cerqueira joaquim_cerqueira NP00SP0 1 -
, , Fc 1 -
Joaquim_Fraga_Lima joaquim_fraga_lima NP00SP0 1 -
, , Fc 1 -
Joaquim_Mendes_Contente joaquim_mendes_contente NP00SP0 1 -
, , Fc 1 -
Joaquim_Vaz_da_Costa joaquim_vaz_da_costa NP00SP0 1 -
, , Fc 1 -
Jorge_Claudino_de_Oliveira jorge_claudino_de_oliveira NP00SP0 1 -
, , Fc 1 -
Jorge_Coury jorge_coury NP00SP0 1 -
, , Fc 1 -
José_Alves_Pessoa josé_alves_pessoa NP00SP0 1 -
, , Fc 1 -
José_Antônio_Vieira_da_Silva josé_antônio_vieira_da_silva NP00SP0 1 -
, , Fc 1 -
José_Nolasco josé_nolasco NP00SP0 1 -
, , Fc 1 -
José_Apóstolo_de_Oliveira_Neto josé_apóstolo_de_oliveira_neto NP00SP0 1 -
, , Fc 1 -
José_Bernardo_da_Silva josé_bernardo_da_silva NP00SP0 1 -
, , Fc 1 -
José_de_Campos_Sales josé_de_campos_sales NP00SP0 1 -
, , Fc 1 -
José_Carlos_Monteiro_de_Sousa josé_carlos_monteiro_de_sousa NP00SP0 1 -
, , Fc 1 -
José_Cola josé_cola NP00SP0 1 -
, , Fc 1 -
José_Esteves_da_Silva josé_esteves_da_silva NP00SP0 1 -
, , Fc 1 -
José_Ladim josé_ladim NP00SP0 1 -
, , Fc 1 -
José_Fernandes_da_Cunha josé_fernandes_da_cunha NP00SP0 1 -
, , Fc 1 -
José_Fleury josé_fleury NP00SP0 1 -
, , Fc 1 -
José_Flores josé_flores NP00SP0 1 -
, , Fc 1 -
José_Francisco_de_Amorim josé_francisco_de_amorim NP00SP0 1 -
, , Fc 1 -
José_Guiomar_dos_Santos josé_guiomar_dos_santos NP00SP0 1 -
, , Fc 1 -
José_Muniz_Nascimento josé_muniz_nascimento NP00SP0 1 -
, , Fc 1 -
José_Hercili_Fleury josé_hercili_fleury NP00SP0 1 -
, , Fc 1 -
José_de_Lima_Verde josé_de_lima_verde NP00SP0 1 -
, , Fc 1 -
José_Medeiro_de_Freitas josé_medeiro_de_freitas NP00SP0 1 -
, , Fc 1 -
José_de_Oliveira_Rangel josé_de_oliveira_rangel NP00SP0 1 -
, , Fc 1 -
José_Rodrigues_Leite josé_rodrigues_leite NP00SP0 1 -
, , Fc 1 -
José_Sanches josé_sanches NP00SP0 1 -
, , Fc 1 -
José_Soares_Brandão josé_soares_brandão NP00SP0 1 -
, , Fc 1 -
José_Teófilo_Leão_de_Aquino josé_teófilo_leão_de_aquino NP00SP0 1 -
, , Fc 1 -
José_Vieira_Mendonça josé_vieira_mendonça NP00SP0 1 -
, , Fc 1 -
José_Xavier_de_Melo josé_xavier_de_melo NP00SP0 1 -
, , Fc 1 -
Josias_Vaz_de_Oliveira josias_vaz_de_oliveira NP00SP0 1 -
, , Fc 1 -
Júlio_Antônio_Martins_Vieira júlio_antônio_martins_vieira NP00SP0 1 -
, , Fc 1 -
Júlio_Oliveira júlio_oliveira NP00SP0 1 -
, , Fc 1 -
Júlio_Pinheiro júlio_pinheiro NP00SP0 1 -
, , Fc 1 -
Júlio_dos_Santos júlio_dos_santos NP00SP0 1 -
, , Fc 1 -
Jurandir_Costa_Campos jurandir_costa_campos NP00SP0 1 -
e e CC 0.999951 -
Juventino_Linhares juventino_linhares NP00SP0 1 -
. . Fp 1 -

Completam completar VMIP3P0 1 00452512-v:0.000611435/00455750-v:0.000569974
a o DA0FS0 0.675415 -
lista lista NCFS000 1 06481320-n:0.00120854
Lafayette_Mendonça lafayette_mendonça NP00SP0 1 -
, , Fc 1 -
Lastênio_Calmon_Júnior lastênio_calmon_júnior NP00SP0 1 -
, , Fc 1 -
Lauro_Maciel lauro_maciel NP00SP0 1 -
, , Fc 1 -
Leônidas_Santos_Damásio leônidas_santos_damásio NP00SP0 1 -
, , Fc 1 -
Leopoldo_Aires leopoldo_aires NP00SP0 1 -
, , Fc 1 -
Levi_Saldanha levi_saldanha NP00SP0 1 -
, , Fc 1 -
Lincoln_de_Carvalho lincoln_de_carvalho NP00SP0 1 -
, , Fc 1 -
Luís_Amaro_Farol luís_amaro_farol NP00SP0 1 -
, , Fc 1 -
Luís_Arruda_Campos luís_arruda_campos NP00SP0 1 -
, , Fc 1 -
Luís_da_Câmara_Cascudo luís_da_câmara_cascudo NP00SP0 1 -
, , Fc 1 -
Luís_Gonzaga_Palmeira luís_gonzaga_palmeira NP00SP0 1 -
, , Fc 1 -
Luís_Guimarães_Araújo luís_guimarães_araújo NP00SP0 1 -
, , Fc 1 -
Luís_Leite_Oiticica luís_leite_oiticica NP00SP0 1 -
, , Fc 1 -
Luís_Morgan_Snell luís_morgan_snell NP00SP0 1 -
, , Fc 1 -
Luís_Passarelli luís_passarelli NP00SP0 1 -
, , Fc 1 -
Luís_Pujol luís_pujol NP00SP0 1 -
, , Fc 1 -
Luís_de_Sousa luís_de_sousa NP00SP0 1 -
, , Fc 1 -
Manuel_Adolfo_dos_Santos manuel_adolfo_dos_santos NP00SP0 1 -
, , Fc 1 -
Manuel_Cláudio_da_Mota_Maya manuel_cláudio_da_mota_maya NP00SP0 1 -
, , Fc 1 -
Manuel_Duarte manuel_duarte NP00SP0 1 -
, , Fc 1 -
Manuel_Elói_Alvim_Pessoa manuel_elói_alvim_pessoa NP00SP0 1 -
, , Fc 1 -
Manuel_Ferreira manuel_ferreira NP00SP0 1 -
, , Fc 1 -
Manuel_Messias_de_Gusmão manuel_messias_de_gusmão NP00SP0 1 -
, , Fc 1 -
Manuel_Neto manuel_neto NP00SP0 1 -
, , Fc 1 -
Manuel_Oliveira manuel_oliveira NP00SP0 1 -
, , Fc 1 -
Manuel_Pedro_de_Campos manuel_pedro_de_campos NP00SP0 1 -
, , Fc 1 -
Manuel_Sobrinho manuel_sobrinho NP00SP0 1 -
, , Fc 1 -
Marcelo_Torres marcelo_torres NP00SP0 1 -
, , Fc 1 -
Maria_Teles_Ferreira maria_teles_ferreira NP00SP0 1 -
, , Fc 1 -
Marinha_da_Rocha_Vaz_Vernardelli marinha_da_rocha_vaz_vernardelli NP00SP0 1 -
, , Fc 1 -
Marinho_de_Sousa_Lobo marinho_de_sousa_lobo NP00SP0 1 -
, , Fc 1 -
Mário_Bulhões_Ramos mário_bulhões_ramos NP00SP0 1 -
, , Fc 1 -
Mário_Dolores mário_dolores NP00SP0 1 -
, , Fc 1 -
Mário_Giorgi mário_giorgi NP00SP0 1 -
, , Fc 1 -
Mário_Marroquim_do_Nascimento mário_marroquim_do_nascimento NP00SP0 1 -
, , Fc 1 -
Mário_Reis mário_reis NP00SP0 1 -
, , Fc 1 -
Martinho_Penteado_da martinho_penteado_da NP00SP0 1 -
Silva_Prado silva_prado NP00SP0 1 -
, , Fc 1 -
Maurício_de_Andrade maurício_de_andrade NP00SP0 1 -
, , Fc 1 -
Maurício_Lincoln_de_Abreu maurício_lincoln_de_abreu NP00O00 1 -
, , Fc 1 -
Melquíades_Rodrigues_Monte melquíades_rodrigues_monte NP00SP0 1 -
, , Fc 1 -
Miguel_Seabra miguel_seabra NP00SP0 1 -
, , Fc 1 -
Milcíades_Ponciano_Jaqueira milcíades_ponciano_jaqueira NP00SP0 1 -
, , Fc 1 -
Mílton_Albuquerque mílton_albuquerque NP00SP0 1 -
, , Fc 1 -
Moacir_Aguiar moacir_aguiar NP00SP0 1 -
, , Fc 1 -
Moacir_Barbosa moacir_barbosa NP00SP0 1 -
, , Fc 1 -
Múcio_Murgel múcio_murgel NP00SP0 1 -
, , Fc 1 -
Nélson_de_Castro_Silva nélson_de_castro_silva NP00SP0 1 -
, , Fc 1 -
Nélson_Dantas nélson_dantas NP00SP0 1 -
, , Fc 1 -
Nélson_de_Oliveira nélson_de_oliveira NP00SP0 1 -
, , Fc 1 -
Nilo_de_Sousa_Pinto nilo_de_sousa_pinto NP00SP0 1 -
, , Fc 1 -
Nilza_Peres nilza_peres NP00SP0 1 -
, , Fc 1 -
Oldemar_Finkenauer oldemar_finkenauer NP00SP0 1 -
, , Fc 1 -
Olímpio_Mourão olímpio_mourão NP00SP0 1 -
, , Fc 1 -
Omar_de_Freitas_Almeida omar_de_freitas_almeida NP00SP0 1 -
, , Fc 1 -
Onésimo_Coelho onésimo_coelho NP00SP0 1 -
, , Fc 1 -
Orlando_Ribeiro_da_Costa orlando_ribeiro_da_costa NP00SP0 1 -
, , Fc 1 -
Orlando_Sampaio orlando_sampaio NP00SP0 1 -
, , Fc 1 -
Oldemar_Lacerda oldemar_lacerda NP00SP0 1 -
, , Fc 1 -
Osmário_do_Prado_Leite osmário_do_prado_leite NP00SP0 1 -
, , Fc 1 -
Osni_Campelo osni_campelo NP00SP0 1 -
, , Fc 1 -
Osolino_Tavares osolino_tavares NP00SP0 1 -
, , Fc 1 -
Osvaldo_Ferraz osvaldo_ferraz NP00SP0 1 -
, , Fc 1 -
Osvaldo_Nicácio osvaldo_nicácio NP00SP0 1 -
, , Fc 1 -
Osvaldo_Urioste osvaldo_urioste NP00SP0 1 -
, , Fc 1 -
Otaviano_Santos otaviano_santos NP00SP0 1 -
, , Fc 1 -
Oto_Guerra oto_guerra NP00SP0 1 -
, , Fc 1 -
Otocar_Rodolfo_Grubbe otocar_rodolfo_grubbe NP00SP0 1 -
, , Fc 1 -
Paulo_Aguirre_Neiva paulo_aguirre_neiva NP00SP0 1 -
, , Fc 1 -
Paulo_Figueira_de_Melo paulo_figueira_de_melo NP00SP0 1 -
, , Fc 1 -
Paulo_Japiassu paulo_japiassu NP00SP0 1 -
, , Fc 1 -
Paulo_Paulista_de_Ulhoa_Cintra paulo_paulista_de_ulhoa_cintra NP00SP0 1 -
, , Fc 1 -
Paulo_Salvador paulo_salvador NP00SP0 1 -
, , Fc 1 -
Paulo_Vieira_da_Rosa paulo_vieira_da_rosa NP00SP0 1 -
, , Fc 1 -
Pedro_Amaral pedro_amaral NP00SP0 1 -
, , Fc 1 -
Pedro_Bentes pedro_bentes NP00SP0 1 -
, , Fc 1 -
Pedro_Carneiro_Lejes_Sobrinho pedro_carneiro_lejes_sobrinho NP00SP0 1 -
, , Fc 1 -
Pedro_Ferreira pedro_ferreira NP00SP0 1 -
, , Fc 1 -
Pedro_Ivo_Rosteney pedro_ivo_rosteney NP00SP0 1 -
, , Fc 1 -
Pedro_Morais pedro_morais NP00SP0 1 -
, , Fc 1 -
Peri_da_Silva_Quintais peri_da_silva_quintais NP00SP0 1 -
, , Fc 1 -
Pio_Sampaio pio_sampaio NP00SP0 1 -
, , Fc 1 -
Pompílio_Espinheira pompílio_espinheira NP00SP0 1 -
, , Fc 1 -
Ponciano_Stenzel_dos_Santos ponciano_stenzel_dos_santos NP00SP0 1 -
, , Fc 1 -
Raimundo_Alves_da_Rocha raimundo_alves_da_rocha NP00SP0 1 -
, , Fc 1 -
Raimundo_Correia_de_Araújo raimundo_correia_de_araújo NP00SP0 1 -
, , Fc 1 -
Raimundo_Ribeiro_Roland raimundo_ribeiro_roland NP00SP0 1 -
, , Fc 1 -
Ramilson_de_Sá_Barreto ramilson_de_sá_barreto NP00SP0 1 -
, , Fc 1 -
Ramiro_Coutinho ramiro_coutinho NP00SP0 1 -
, , Fc 1 -
Raul_Dias_Cardoso raul_dias_cardoso NP00SP0 1 -
, , Fc 1 -
Raul_de_Melo_Senra raul_de_melo_senra NP00SP0 1 -
, , Fc 1 -
Renato_Egídio_de_Sousa_Aranha renato_egídio_de_sousa_aranha NP00SP0 1 -
, , Fc 1 -
Renato_Heinselmann renato_heinselmann NP00SP0 1 -
, , Fc 1 -
Renato_Vieira_da_Silva renato_vieira_da_silva NP00SP0 1 -
, , Fc 1 -
Renê_Pena_Forte_Chaves renê_pena_forte_chaves NP00SP0 1 -
, , Fc 1 -
Ribas_Farias ribas_farias NP00SP0 1 -
, , Fc 1 -
Ribeiro_de_Barros ribeiro_de_barros NP00SP0 1 -
, , Fc 1 -
Ricardo_Grewaldt ricardo_grewaldt NP00SP0 1 -
, , Fc 1 -
Roberto_Duque_Estrada roberto_duque_estrada NP00SP0 1 -
, , Fc 1 -
Rocha_Loures rocha_loures NP00SP0 1 -
, , Fc 1 -
Rodolfo_Figueira_de_Melo rodolfo_figueira_de_melo NP00SP0 1 -
, , Fc 1 -
Rodolfo_Weickert rodolfo_weickert NP00SP0 1 -
, , Fc 1 -
Rodomarque_Barros_de_Mendonça rodomarque_barros_de_mendonça NP00SP0 1 -
, , Fc 1 -
Romano_Toffoli_Guião romano_toffoli_guião NP00SP0 1 -
, , Fc 1 -
Rômulo_Mercuri rômulo_mercuri NP00SP0 1 -
, , Fc 1 -
Rosalvo_Wyne_Queirós rosalvo_wyne_queirós NP00SP0 1 -
, , Fc 1 -
Rubens_Marcondes rubens_marcondes NP00SP0 1 -
, , Fc 1 -
Rui_Presser_Belo rui_presser_belo NP00SP0 1 -
, , Fc 1 -
Sálvio_de_Sá_Gonzaga sálvio_de_sá_gonzaga NP00V00 1 -
, , Fc 1 -
Samuel_Teixeira_Magalhães_D._Santa_Guerra samuel_teixeira_magalhães_d._santa_guerra NP00SP0 1 -
, , Fc 1 -
Sebastião_do_Banho sebastião_do_banho NP00SP0 1 -
, , Fc 1 -
Sebastião_Cardoso_D sebastião_cardoso_d NP00SP0 1 -
’ ’ Frc 1 -
Ávila ávila NCFS000 1 -
, , Fc 1 -
Serafim_Lacerda serafim_lacerda NP00SP0 1 -
, , Fc 1 -
Sérgio_Severo sérgio_severo NP00SP0 1 -
, , Fc 1 -
Severino_Novais severino_novais NP00SP0 1 -
, , Fc 1 -
Severino_de_Resende severino_de_resende NP00SP0 1 -
, , Fc 1 -
Silvério_del_Caro silvério_del_caro NP00SP0 1 -
, , Fc 1 -
Sílvio_de_Couto_Prado sílvio_de_couto_prado NP00SP0 1 -
, , Fc 1 -
Sílvio_Freire sílvio_freire NP00SP0 1 -
, , Fc 1 -
Sílvio_Vieira_da_Silva sílvio_vieira_da_silva NP00SP0 1 -
, , Fc 1 -
Sílvio_Wright_Neto_Machado sílvio_wright_neto_machado NP00SP0 1 -
, , Fc 1 -
Sinfrônio_Brochado_Júnior sinfrônio_brochado_júnior NP00SP0 1 -
, , Fc 1 -
Sinval_Carvalho sinval_carvalho NP00SP0 1 -
, , Fc 1 -
Telmo_Amorim_Pontual telmo_amorim_pontual NP00SP0 1 -
, , Fc 1 -
Teófilo_Canduru teófilo_canduru NP00SP0 1 -
, , Fc 1 -
Teófilo_Costa teófilo_costa NP00SP0 1 -
, , Fc 1 -
Tomás_de_Aquino tomás_de_aquino NP00SP0 1 -
, , Fc 1 -
Tibiriçá_de_Oliveira tibiriçá_de_oliveira NP00SP0 1 -
, , Fc 1 -
Tito_Carlos_Pereira_Filho tito_carlos_pereira_filho NP00SP0 1 -
, , Fc 1 -
Ulisses_da_Rocha_Pereira ulisses_da_rocha_pereira NP00SP0 1 -
, , Fc 1 -
Val_de_Lírio_Pimentel val_de_lírio_pimentel NP00V00 1 -
, , Fc 1 -
Valdemar_de_Almeida valdemar_de_almeida NP00SP0 1 -
, , Fc 1 -
Valdemar_Coutinho valdemar_coutinho NP00SP0 1 -
, , Fc 1 -
Valdemar_de_Sá_Peixoto_Detarto valdemar_de_sá_peixoto_detarto NP00SP0 1 -
, , Fc 1 -
Valdemar_Stelita_Romeiro_de_Melo valdemar_stelita_romeiro_de_melo NP00SP0 1 -
, , Fc 1 -
Valdomiro_Vasconcelos_Ferreira valdomiro_vasconcelos_ferreira NP00SP0 1 -
, , Fc 1 -
Válter_Brandão_de_Oliveira_Aguiar válter_brandão_de_oliveira_aguiar NP00SP0 1 -
, , Fc 1 -
Válter_Cavalcanti_Venceslau_Dytz válter_cavalcanti_venceslau_dytz NP00SP0 1 -
, , Fc 1 -
Virgílio_Guade_Fleury virgílio_guade_fleury NP00SP0 1 -
, , Fc 1 -
Virgílio_Vieira_Romão virgílio_vieira_romão NP00SP0 1 -
, , Fc 1 -
Vítor_Romaigna vítor_romaigna NP00SP0 1 -
, , Fc 1 -
Volnei_Loureiro_Tavares volnei_loureiro_tavares NP00SP0 1 -
, , Fc 1 -
Wilson_Coutinho wilson_coutinho NP00SP0 1 -
, , Fc 1 -
Wilson_Ferreira wilson_ferreira NP00SP0 1 -
, , Fc 1 -
Wolfram_Metzler wolfram_metzler NP00SP0 1 -
, , Fc 1 -
Zeferino_Contrucci zeferino_contrucci NP00SP0 1 -
, , Fc 1 -
Zenóbio_Ramos zenóbio_ramos NP00SP0 1 -
e e CC 0.999951 -
Ziegler_de_Paula_Bueno ziegler_de_paula_bueno NP00SP0 1 -
. . Fp 1 -

</OUTPUT>
